{
  "$schema": "https://vega.github.io/schema/vega/v5.json",
  "description": "An example of Cartesian layouts for a node-link diagram of hierarchical data.",
  "width": 2500,
  "height": 2500,
  "padding": 5,

  "signals": [
    {
      "name": "labels", "value": true,
      "bind": {"input": "checkbox"}
    },
    {
      "name": "year", "value": 2008,
      "bind": {"input": "range", "min": 2008, "max": 2019,"step": 1}
    },
    {
      "name": "nodeSize", "value": 500,
      "bind": {"input": "range", "min": 0, "max": 2000,"step": 100}
    },
    {
      "name": "edgeSize", "value": 100,
      "bind": {"input": "range", "min": 50, "max": 200, "step": 10}
    },
    {
      "name": "textSize", "value": 12,
      "bind": {"input": "range", "min": 2, "max": 30, "step": 1}
    },
    {
      "name": "links", "value": "diagonal",
      "bind": {
        "input": "select",
        "options": ["line", "curve", "diagonal", "orthogonal"]
      }
    }
  ],

  "data": [
    {
      "name": "tree",
      "url": "./processed data/Radial_Tree_data.json",
      "transform": [
        {"type": "filter", "expr": "datum.startYear <= year"},
        {
          "type": "stratify",
          "key": "id",
          "parentKey": "parent"
        },
        {
          "type": "tree",
          "size": [{"signal": "height"}, {"signal": "width - 100"}],
          "as": ["y", "x", "depth", "children"]
        }
      ]
    },
    {
      "name": "links",
      "source": "tree",
      "transform": [
        { "type": "treelinks" },
        {
          "type": "linkpath",
          "orient": "horizontal",
          "shape": {"signal": "links"}
        }
      ]
    }
  ],

  "scales": [
    {
      "name": "color",
      "type": "linear",
      "range": {"scheme": "magma"},
      "domain": {"data": "tree", "field": "group"},
      "zero": true
    }
  ],

  "marks": [
    {
      "type": "text",
      "encode": {
        "enter": {
          "x": {"value": 0},
          "y": {"value": 1200},
          "fontSize": {"value": 32},
          "fontWeight": {"value": "bold"},
          "fill": {"value": "steelblue"}
        },
        "update": {
          "text": {"signal": "year"}
        }
      }
    },
    {
      "type": "path",
      "from": {"data": "links"},
      "encode": {
        "update": {
          "path": {"field": "path"},
          "stroke":{"signal": "year < datum.target.endYear ? '#ccc' : 'orange'"},
          "strokeDash":{"signal":"year < datum.target.endYear ? [10,0] : [5,10]"},
          "strokeWidth":{"signal": " edgeSize * datum.target.weight"},
          "tooltip": {"signal": "datum.source.name + ( ' -> ' + datum.target.name  + ', ' + datum.target.weight + ', ['  + datum.target.startYear + ',' + datum.target.endYear +')')"}
        },
        "hover": {
          "stroke": {"value": "yellow"},
          "strokeWidth": {"value": 2}
        }
      }
    },
    {
      "type": "symbol",
      "from": {"data": "tree"},
      "encode": {
        "enter": {
          "stroke": {"value": "#fff"}
        },
        "update": {
          "x": {"field": "x"},
          "y": {"field": "y"},
          "fill": {"scale": "color", "field": "group"},
          "size":{"signal": "nodeSize * datum.size"},
          "stroke": {"signal": " year < datum.endYear ? 'white' : 'orange' "},
          "fillOpacity":{"signal": " year < datum.endYear ? '1' : '0' "},
          "tooltip": {"signal": "datum.name + ( ' ['  + datum.startYear + ',' + datum.endYear +')')"}
        },
        "hover": {
          "stroke": {"value": "green"},
          "strokeWidth": {"value": 2}
        }
      }
    },
    {
      "type": "text",
      "from": {"data": "tree"},
      "encode": {
        "enter": {
          "text": {"field": "name"},
          "baseline": {"value": "middle"}
        },
        "update": {
          "x": {"field": "x"},
          "y": {"field": "y"},
          "dx": {"signal": "(datum.leftside ? -1 : 1) * 15"},
          "align": {"signal": "datum.children ? 'left' : 'left'"},
          "fontSize": {"signal": "textSize"},
          "opacity": {"signal": " year < datum.endYear && labels? '1' : '0' "}
        }
      }
    }
  ]
}
